timeStamp,elapsed,label,responseCode,responseMessage,threadName,dataType,success,failureMessage,bytes,sentBytes,grpThreads,allThreads,URL,Latency,IdleTime,Connect
1703833423457,57,Create installation,201,Created,Login 1-1,text,true,,500,540,1,1,http://13.200.61.133:4000/accounts/api/v1/accounts,57,0,30
1703833424306,7,Create installation,201,Created,Login 1-2,text,true,,500,540,2,2,http://13.200.61.133:4000/accounts/api/v1/accounts,7,0,1
1703833425308,107,Create installation,201,Created,Login 1-3,text,true,,500,540,3,3,http://13.200.61.133:4000/accounts/api/v1/accounts,107,0,2
1703833424079,1368,Login,200,OK,Login 1-1,text,true,,277,603,3,3,http://13.200.61.133:4000/accounts/api/v2/login,1367,0,0
1703833425948,130,Get Requested OTP,200,OK,Login 1-1,text,true,,239,560,4,4,http://13.200.61.133:4000/accounts/api/v1/otp?type=email,130,0,0
1703833426296,14,Create installation,201,Created,Login 1-4,text,true,,500,540,4,4,http://13.200.61.133:4000/accounts/api/v1/accounts,14,0,2
1703833424815,1564,Login,200,OK,Login 1-2,text,true,,277,603,4,4,http://13.200.61.133:4000/accounts/api/v2/login,1564,0,0
1703833426580,169,otp verify Login,200,OK,Login 1-1,text,true,,1103,620,4,4,http://13.200.61.133:4000/accounts/api/v2/otp/verify,169,0,0
1703833426880,11,Get Requested OTP,200,OK,Login 1-2,text,true,,239,560,5,5,http://13.200.61.133:4000/accounts/api/v1/otp?type=email,11,0,0
1703833427270,8,Create installation,201,Created,Login 1-5,text,true,,500,540,5,5,http://13.200.61.133:4000/accounts/api/v1/accounts,8,0,1
1703833427393,196,otp verify Login,200,OK,Login 1-2,text,true,,1103,620,5,5,http://13.200.61.133:4000/accounts/api/v2/otp/verify,196,0,0
1703833425916,1802,Login,200,OK,Login 1-3,text,true,,277,603,5,5,http://13.200.61.133:4000/accounts/api/v2/login,1802,0,0
1703833428219,19,Get Requested OTP,200,OK,Login 1-3,text,true,,239,560,6,6,http://13.200.61.133:4000/accounts/api/v1/otp?type=email,19,0,0
1703833428264,10,Create installation,201,Created,Login 1-6,text,true,,500,540,6,6,http://13.200.61.133:4000/accounts/api/v1/accounts,10,0,1
1703833428741,388,otp verify Login,200,OK,Login 1-3,text,true,,1103,620,7,7,http://13.200.61.133:4000/accounts/api/v2/otp/verify,388,0,0
1703833429259,15,Create installation,201,Created,Login 1-7,text,true,,500,540,7,7,http://13.200.61.133:4000/accounts/api/v1/accounts,15,0,1
1703833426812,2462,Login,200,OK,Login 1-4,text,true,,277,603,7,7,http://13.200.61.133:4000/accounts/api/v2/login,2462,0,0
1703833429776,8,Get Requested OTP,200,OK,Login 1-4,text,true,,239,560,8,8,http://13.200.61.133:4000/accounts/api/v1/otp?type=email,8,0,0
1703833430255,75,Create installation,201,Created,Login 1-8,text,true,,500,540,8,8,http://13.200.61.133:4000/accounts/api/v1/accounts,75,0,2
1703833430286,163,otp verify Login,200,OK,Login 1-4,text,true,,1103,620,8,8,http://13.200.61.133:4000/accounts/api/v2/otp/verify,163,0,0
1703833427779,2925,Login,200,OK,Login 1-5,text,true,,277,603,8,8,http://13.200.61.133:4000/accounts/api/v2/login,2925,0,0
1703833431206,9,Get Requested OTP,200,OK,Login 1-5,text,true,,239,560,9,9,http://13.200.61.133:4000/accounts/api/v1/otp?type=email,9,0,0
1703833431248,9,Create installation,201,Created,Login 1-9,text,true,,500,540,9,9,http://13.200.61.133:4000/accounts/api/v1/accounts,9,0,1
1703833431717,330,otp verify Login,200,OK,Login 1-5,text,true,,1103,620,10,10,http://13.200.61.133:4000/accounts/api/v2/otp/verify,330,0,0
1703833428779,3370,Login,200,OK,Login 1-6,text,true,,277,603,10,10,http://13.200.61.133:4000/accounts/api/v2/login,3370,0,0
1703833432233,42,Create installation,201,Created,Login 1-10,text,true,,500,540,10,10,http://13.200.61.133:4000/accounts/api/v1/accounts,42,0,1
1703833432650,24,Get Requested OTP,200,OK,Login 1-6,text,true,,239,560,10,10,http://13.200.61.133:4000/accounts/api/v1/otp?type=email,24,0,0
1703833433175,447,otp verify Login,200,OK,Login 1-6,text,true,,1103,620,10,10,http://13.200.61.133:4000/accounts/api/v2/otp/verify,447,0,0
1703833431758,2032,Login,200,OK,Login 1-9,text,true,,277,603,10,10,http://13.200.61.133:4000/accounts/api/v2/login,2032,0,0
1703833434291,75,Get Requested OTP,200,OK,Login 1-9,text,true,,239,560,10,10,http://13.200.61.133:4000/accounts/api/v1/otp?type=email,75,0,0
1703833430832,3744,Login,200,OK,Login 1-8,text,true,,277,603,10,10,http://13.200.61.133:4000/accounts/api/v2/login,3744,0,0
1703833429776,4845,Login,200,OK,Login 1-7,text,true,,277,603,10,10,http://13.200.61.133:4000/accounts/api/v2/login,4845,0,0
1703833432776,2011,Login,200,OK,Login 1-10,text,true,,277,603,10,10,http://13.200.61.133:4000/accounts/api/v2/login,2011,0,0
1703833427252,7771,Feed_Page,200,OK,Login 1-1,text,true,,197541,610,10,10,http://13.200.61.133:4001/social/api/v4/feed,7769,0,1
1703833428091,7019,Feed_Page,200,OK,Login 1-2,text,true,,197534,610,9,9,http://13.200.61.133:4001/social/api/v4/feed,6985,0,2
1703833435077,38,Get Requested OTP,200,OK,Login 1-8,text,true,,239,560,8,8,http://13.200.61.133:4000/accounts/api/v1/otp?type=email,38,0,0
1703833434867,248,otp verify Login,200,OK,Login 1-9,text,true,,1103,620,8,8,http://13.200.61.133:4000/accounts/api/v2/otp/verify,248,0,0
1703833435122,40,Get Requested OTP,200,OK,Login 1-7,text,true,,239,560,8,8,http://13.200.61.133:4000/accounts/api/v1/otp?type=email,40,0,0
1703833435288,7,Get Requested OTP,200,OK,Login 1-10,text,true,,239,560,8,8,http://13.200.61.133:4000/accounts/api/v1/otp?type=email,7,0,0
1703833435617,145,otp verify Login,200,OK,Login 1-8,text,true,,1103,620,8,8,http://13.200.61.133:4000/accounts/api/v2/otp/verify,145,0,0
1703833435663,104,otp verify Login,200,OK,Login 1-7,text,true,,1103,620,8,8,http://13.200.61.133:4000/accounts/api/v2/otp/verify,104,0,0
1703833435796,173,otp verify Login,200,OK,Login 1-10,text,true,,1103,620,8,8,http://13.200.61.133:4000/accounts/api/v2/otp/verify,173,0,0
1703833429631,6598,Feed_Page,200,OK,Login 1-3,text,true,,197540,610,8,8,http://13.200.61.133:4001/social/api/v4/feed,6594,0,1
1703833430952,5627,Feed_Page,200,OK,Login 1-4,text,true,,197542,610,7,7,http://13.200.61.133:4001/social/api/v4/feed,5624,0,1
1703833432550,4710,Feed_Page,200,OK,Login 1-5,text,true,,197532,610,6,6,http://13.200.61.133:4001/social/api/v4/feed,4704,0,3
1703833434124,3181,Feed_Page,200,OK,Login 1-6,text,true,,197537,610,5,5,http://13.200.61.133:4001/social/api/v4/feed,3179,0,1
1703833435618,3833,Feed_Page,200,OK,Login 1-9,text,true,,197534,610,4,4,http://13.200.61.133:4001/social/api/v4/feed,3829,0,1
1703833436264,3603,Feed_Page,200,OK,Login 1-8,text,true,,197542,610,3,3,http://13.200.61.133:4001/social/api/v4/feed,3596,0,1
1703833436269,3765,Feed_Page,200,OK,Login 1-7,text,true,,197538,610,2,2,http://13.200.61.133:4001/social/api/v4/feed,3763,0,2
1703833436472,3582,Feed_Page,200,OK,Login 1-10,text,true,,197540,610,1,1,http://13.200.61.133:4001/social/api/v4/feed,3580,0,1
